<?xml version="1.0" encoding="UTF-8"?>
<classpath>
	<classpathentry kind="src" output="target/classes" path="src/main/java">
		<attributes>
			<attribute name="optional" value="true"/>
			<attribute name="maven.pomderived" value="true"/>
		</attributes>
	</classpathentry>
	<classpathentry excluding="**" kind="src" output="target/classes" path="src/main/resources">
		<attributes>
			<attribute name="maven.pomderived" value="true"/>
		</attributes>
	</classpathentry>
	<classpathentry kind="src" output="target/test-classes" path="src/test/java">
		<attributes>
			<attribute name="optional" value="true"/>
			<attribute name="maven.pomderived" value="true"/>
		</attributes>
	</classpathentry>
	<classpathentry excluding="**" kind="src" output="target/test-classes" path="src/test/resources">
		<attributes>
			<attribute name="maven.pomderived" value="true"/>
		</attributes>
	</classpathentry>
	<classpathentry kind="con" path="org.eclipse.jdt.launching.JRE_CONTAINER/org.eclipse.jdt.internal.debug.ui.launcher.StandardVMType/J2SE-1.5">
		<attributes>
			<attribute name="maven.pomderived" value="true"/>
		</attributes>
	</classpathentry>
	<classpathentry kind="con" path="org.eclipse.jdt.junit.JUNIT_CONTAINER/5"/>
	<classpathentry kind="con" path="org.eclipse.m2e.MAVEN2_CLASSPATH_CONTAINER">
		<attributes>
			<attribute name="maven.pomderived" value="true"/>
		</attributes>
	</classpathentry>
	<classpathentry kind="lib" path="D:/Selenium_jar_files/apache poi_4.1.2/activation-1.1.1.jar"/>
	<classpathentry kind="lib" path="D:/Selenium_jar_files/apache poi_4.1.2/commons-codec-1.13.jar"/>
	<classpathentry kind="lib" path="D:/Selenium_jar_files/apache poi_4.1.2/commons-collections4-4.4.jar"/>
	<classpathentry kind="lib" path="D:/Selenium_jar_files/apache poi_4.1.2/commons-compress-1.19.jar"/>
	<classpathentry kind="lib" path="D:/Selenium_jar_files/apache poi_4.1.2/commons-logging-1.2.jar"/>
	<classpathentry kind="lib" path="D:/Selenium_jar_files/apache poi_4.1.2/commons-math3-3.6.1.jar"/>
	<classpathentry kind="lib" path="D:/Selenium_jar_files/apache poi_4.1.2/curvesapi-1.06.jar"/>
	<classpathentry kind="lib" path="D:/Selenium_jar_files/apache poi_4.1.2/jaxb-api-2.3.1.jar"/>
	<classpathentry kind="lib" path="D:/Selenium_jar_files/apache poi_4.1.2/jaxb-core-2.3.0.1.jar"/>
	<classpathentry kind="lib" path="D:/Selenium_jar_files/apache poi_4.1.2/jaxb-impl-2.3.2.jar"/>
	<classpathentry kind="lib" path="D:/Selenium_jar_files/apache poi_4.1.2/junit-4.12.jar"/>
	<classpathentry kind="lib" path="D:/Selenium_jar_files/apache poi_4.1.2/log4j-1.2.17.jar"/>
	<classpathentry kind="lib" path="D:/Selenium_jar_files/apache poi_4.1.2/poi-4.1.2.jar"/>
	<classpathentry kind="lib" path="D:/Selenium_jar_files/apache poi_4.1.2/poi-examples-4.1.2.jar"/>
	<classpathentry kind="lib" path="D:/Selenium_jar_files/apache poi_4.1.2/poi-excelant-4.1.2.jar"/>
	<classpathentry kind="lib" path="D:/Selenium_jar_files/apache poi_4.1.2/poi-ooxml-4.1.2.jar"/>
	<classpathentry kind="lib" path="D:/Selenium_jar_files/apache poi_4.1.2/poi-ooxml-schemas-4.1.2.jar"/>
	<classpathentry kind="lib" path="D:/Selenium_jar_files/apache poi_4.1.2/poi-scratchpad-4.1.2.jar"/>
	<classpathentry kind="lib" path="D:/Selenium_jar_files/apache poi_4.1.2/SparseBitSet-1.2.jar"/>
	<classpathentry kind="lib" path="D:/Selenium_jar_files/apache poi_4.1.2/xmlbeans-3.1.0.jar"/>
	<classpathentry kind="lib" path="D:/new jars/Selenium_jar_files/Cucumber_jars/cucumber-junit-5.4.0.jar"/>
	<classpathentry kind="output" path="target/classes"/>
</classpath>
